Component,Gross Requirements,Available Inventory,Scheduled Receipts,Safety Stock,Net Requirements
GPU Chip,333.89428284893864,250,100,30,13.894282848938644
Memory Module,1335.5771313957546,180,75,25,1105.5771313957546
PCB,333.89428284893864,150,80,20,123.89428284893864
Cooling Fan,667.7885656978773,100,60,15,522.7885656978773
Casing,333.89428284893864,160,90,25,108.89428284893864
VRM Module,333.89428284893864,90,70,20,193.89428284893864
Thermal Paste,333.89428284893864,120,40,10,183.89428284893864
